ALTER SESSION SET CURRENT_SCHEMA = VS_13_EQUIPE_6;

-- USUARIO
INSERT INTO USUARIO (ID, NOME, DATA_NASCIMENTO, CPF, EMAIL, SENHA, ACESSO_PCD, TIPO_USUARIO, INTERESSES, IMAGEM_DOCUMENTO)
VALUES (1, 'Administrador', TO_DATE('1989-08-18', 'YYYY-MM-DD'), '99369419004', 'admin@admin.com', 'admin', 'N', 1, 'Interesse de exemplo', 'https://google.com');

INSERT INTO USUARIO (ID, NOME, CPF, DATA_NASCIMENTO, EMAIL, SENHA, ACESSO_PCD, TIPO_USUARIO, INTERESSES, IMAGEM_DOCUMENTO)
VALUES (2, 'Nathanial Frankel', '03194176030', TO_DATE('2009-07-13', 'YYYY-MM-DD'), 'nathanial@gmail.com', '$2a$04$auV/G2xUXXMHrA9I/tCpOe1sER0JcYKvumt9LKIDJNOXFhnE5pMvS', 'S', 4, 'Donec diam neque', 'https://google.com');

INSERT INTO USUARIO (ID, NOME, CPF, DATA_NASCIMENTO, EMAIL, SENHA, ACESSO_PCD, TIPO_USUARIO, INTERESSES, IMAGEM_DOCUMENTO)
VALUES (3, 'Carolina Rayssa Betina Farias', '87764807044', TO_DATE('1998-12-09', 'YYYY-MM-DD'), 'carolina@gmail.com', '$2a$04$U8HVnrTjjrejq6zKWO0p2.vXsrRLyMHn3nq7WNre0W3N3WqwfH6hu', 'S', 2, 'Suspendisse potenti.', 'https://google.com');

insert into USUARIO (ID, NOME, DATA_NASCIMENTO, CPF, EMAIL, SENHA, ACESSO_PCD, TIPO_USUARIO, INTERESSES, IMAGEM_DOCUMENTO) VALUES
(4, 'Larissa', TO_DATE('1998-12-09', 'YYYY-MM-DD'), '87764807044', 'larissa@gmail.com', 'mentor', 'N', 4, 'asdsada', 'asdasdsd');

-- MENTOR
/* OBS:
   TipoClienteEnum
    1 - ESTUDANTE,
    2 - PCD,
    3 - PROFISSIONAL_REALOCACAO;
    4 -

   TipoPlanoEnum
    1 - GRATUITO
    2 - BASICO
    3 - PREMIUM
*

-- CLIENTE
/* OBS:
   TipoClienteEnum
    1 - ESTUDANTE,
    2 - PCD,
    3 - PROFISSIONAL_REALOCACAO;
    4 -

   TipoPlanoEnum
    1 - GRATUITO
    2 - BASICO
    3 - PREMIUM
*/

INSERT INTO CLIENTE (ID, ID_USUARIO, TIPO_CLIENTE, TIPO_PLANO, CONTROLE_PARENTAL)
values (1, 1, 3, 3, 'N');

INSERT INTO CLIENTE (ID, ID_USUARIO, TIPO_CLIENTE, TIPO_PLANO, CONTROLE_PARENTAL)
values (2, 2, 1, 1, 'S');

INSERT INTO CLIENTE (ID, ID_USUARIO, TIPO_CLIENTE, TIPO_PLANO, CONTROLE_PARENTAL)
values (3, 3, 2, 2, 'N');


-- ENDERECO
/* OBS:
   TipoEnderecoEnum
    1 - RESIDENCIAL,
    2 - COMERCIAL;
*/
INSERT INTO ENDERECO (ID, LOGRADOURO, NUMERO, COMPLEMENTO, CEP, CIDADE, ESTADO, PAIS, TIPO)
VALUES (1, 'Rua das Nascentes', 979, 'Sala comercial', '69022526', 'Manaus', 'Amazonas', 'Brasil', 2);

INSERT INTO ENDERECO (ID, LOGRADOURO, NUMERO, COMPLEMENTO, CEP, CIDADE, ESTADO, PAIS, TIPO)
VALUES (2, 'Rua Apóstolo Matheus', 470, 'Casa', '97037162', 'Santa Maria', 'Rio Grande do Sul', 'Brasil', 1);

INSERT INTO ENDERECO (ID, LOGRADOURO, NUMERO, COMPLEMENTO, CEP, CIDADE, ESTADO, PAIS, TIPO)
VALUES (3, 'Rua 44', 313, 'Condomínio', '77815630', 'Araguaína', 'Tocantins', 'Brasil', 1);


-- USUARIO_ENDERECO
INSERT INTO USUARIO_ENDERECO (ID_USUARIO, ID_ENDERECO)
VALUES (1, 1);

INSERT INTO USUARIO_ENDERECO (ID_USUARIO, ID_ENDERECO)
VALUES (2, 2);

INSERT INTO USUARIO_ENDERECO (ID_USUARIO, ID_ENDERECO)
VALUES (3, 3);


-- CONTATO
INSERT INTO CONTATO (ID, DESCRICAO, TELEFONE, TIPO)
VALUES (1, 'Telefone Residencial', '9235240576', 1);

INSERT INTO CONTATO (ID, DESCRICAO, TELEFONE, TIPO)
VALUES (2, 'Telefone Comercial', '5134004000', 2);

INSERT INTO CONTATO (ID, DESCRICAO, TELEFONE, TIPO)
VALUES (3, 'Telefone Celular', '6329878205', 1);


-- USUARIO_CONTATO
INSERT INTO USUARIO_CONTATO (ID_USUARIO, ID_CONTATO)
VALUES (1, 1);

INSERT INTO USUARIO_CONTATO (ID_USUARIO, ID_CONTATO)
VALUES (2, 2);

INSERT INTO USUARIO_CONTATO (ID_USUARIO, ID_CONTATO)
VALUES (3, 3);


-- Cadastro de um usuário para cada tipo de usuário

--